epoch,train_loss,train_acc,test_loss,test_acc
1,1.695791449356079,0.38714,1.3806240297317505,0.4969
2,1.3543452367782594,0.5135,1.1533297130584717,0.5855
3,1.1685260663604737,0.5822,1.0635037866592407,0.6349
4,1.0539089888763429,0.62546,0.9856328609466553,0.6605
5,0.9659729993057251,0.65914,0.9023736903190612,0.6853
